dataset,cleaning_order,n_runs,mean,std,sem,ci_95_lower,ci_95_upper,ci_95_width,min,max,range,median,q25,q75,iqr,cv
pima,imputation→label_noise→outliers→balance,5,0.6650370370370371,0.032314767059287625,0.016157383529643812,0.620176948623354,0.7098971254507201,0.0897201768273661,0.6274074074074074,0.7157407407407407,0.08833333333333326,0.6601851851851852,0.6366666666666666,0.6851851851851851,0.048518518518518516,0.048590928413943295
pima,imputation→label_noise→balance→outliers,5,0.6658888888888889,0.04130308862924778,0.020651544314623887,0.6085510097617759,0.7232267680160018,0.11467575825422593,0.6131481481481482,0.7342592592592592,0.12111111111111095,0.6551851851851851,0.6416666666666666,0.6851851851851851,0.04351851851851851,0.06202699777460872
pima,imputation→outliers→label_noise→balance,5,0.6618888888888887,0.036495936222656046,0.018247968111328023,0.6112244071463866,0.7125533706313909,0.10132896348500431,0.6231481481481481,0.7150000000000001,0.09185185185185196,0.6501851851851852,0.6274074074074074,0.6937037037037037,0.0662962962962963,0.055139067652157876
pima,imputation→outliers→balance→label_noise,5,0.7301111111111112,0.029492181196287905,0.014746090598143951,0.6891694000490911,0.7710528221731312,0.0818834221240401,0.6885185185185185,0.7640740740740741,0.0755555555555556,0.7248148148148148,0.7105555555555556,0.7625925925925926,0.05203703703703699,0.04039409994926056
pima,imputation→balance→label_noise→outliers,5,0.7358148148148149,0.034936077233361756,0.017468038616680878,0.6873157645001252,0.7843138651295046,0.09699810062937941,0.6707407407407407,0.7761111111111111,0.10537037037037034,0.7425925925925927,0.7405555555555556,0.749074074074074,0.00851851851851837,0.047479442558049395
pima,imputation→balance→outliers→label_noise,5,0.7268518518518519,0.03975525260565415,0.019877626302827075,0.6716627136004166,0.7820409901032871,0.11037827650287046,0.6614814814814814,0.7803703703703704,0.11888888888888893,0.7290740740740741,0.7127777777777777,0.7505555555555556,0.03777777777777791,0.0546951246039573
pima,label_noise→imputation→outliers→balance,5,0.6655925925925925,0.035735539825002785,0.017867769912501393,0.6159837102782275,0.7152014749069575,0.09921776462873,0.6309259259259259,0.7342592592592592,0.10333333333333328,0.6551851851851851,0.6474074074074074,0.6601851851851852,0.012777777777777777,0.053689809986927566
pima,label_noise→imputation→balance→outliers,5,0.6453703703703704,0.034724666580628276,0.017362333290314134,0.5971648050916649,0.6935759356490758,0.0964111305574109,0.6103703703703703,0.7064814814814815,0.09611111111111115,0.6459259259259259,0.6131481481481482,0.6509259259259259,0.03777777777777769,0.0538057961364111
pima,label_noise→outliers→imputation→balance,5,0.6594814814814814,0.034137501353031945,0.01706875067651597,0.6120910322138271,0.7068719307491358,0.09478089853530869,0.6274074074074074,0.725,0.09759259259259256,0.6459259259259259,0.6416666666666666,0.6574074074074074,0.015740740740740833,0.05176415458451435
pima,label_noise→outliers→balance→imputation,5,0.6415185185185185,0.027549780358565697,0.013774890179282849,0.6032732921056114,0.6797637449314256,0.07649045282581413,0.6181481481481481,0.6922222222222222,0.07407407407407407,0.6316666666666667,0.6181481481481481,0.6474074074074074,0.029259259259259318,0.04294463770459407
pima,label_noise→balance→imputation→outliers,5,0.653074074074074,0.031092940019676704,0.01554647000983835,0.6099101535121539,0.6962379946359941,0.08632784112384018,0.6131481481481482,0.7022222222222222,0.08907407407407397,0.6574074074074074,0.6274074074074074,0.6651851851851851,0.03777777777777769,0.04761012763178535
pima,label_noise→balance→outliers→imputation,5,0.653074074074074,0.031092940019676704,0.01554647000983835,0.6099101535121539,0.6962379946359941,0.08632784112384018,0.6131481481481482,0.7022222222222222,0.08907407407407397,0.6574074074074074,0.6274074074074074,0.6651851851851851,0.03777777777777769,0.04761012763178535
pima,outliers→imputation→label_noise→balance,5,0.6665925925925926,0.043487317420209226,0.021743658710104613,0.6062225177978312,0.726962667387354,0.12074014958952284,0.625925925925926,0.7435185185185185,0.11759259259259247,0.6466666666666666,0.6324074074074074,0.6844444444444444,0.05203703703703699,0.06523822482196072
pima,outliers→imputation→balance→label_noise,5,0.7483703703703704,0.029299409864045785,0.014649704932022892,0.7076962688192634,0.7890444719214773,0.08134820310221391,0.6977777777777778,0.7768518518518519,0.07907407407407407,0.759074074074074,0.7348148148148148,0.7733333333333333,0.03851851851851851,0.03915094854643354
pima,outliers→label_noise→imputation→balance,5,0.6785555555555556,0.024228394275379376,0.012114197137689686,0.6449211522092159,0.7121899589018953,0.06726880669267943,0.6509259259259259,0.7207407407407407,0.06981481481481477,0.677962962962963,0.6594444444444445,0.6837037037037037,0.024259259259259203,0.035705837314297426
pima,outliers→label_noise→balance→imputation,5,0.6621851851851852,0.02527825939033802,0.01263912969516901,0.6270933354090731,0.6972770349612973,0.07018369955222425,0.6274074074074074,0.6972222222222222,0.06981481481481477,0.6566666666666666,0.6459259259259259,0.6837037037037037,0.0377777777777778,0.03817400321825194
pima,outliers→balance→imputation→label_noise,5,0.7472222222222221,0.028113038532469627,0.014056519266234814,0.7081950681093659,0.7862493763350783,0.07805430822571235,0.707037037037037,0.7868518518518519,0.0798148148148149,0.7533333333333333,0.7255555555555555,0.7633333333333333,0.0377777777777778,0.03762339729252441
pima,outliers→balance→label_noise→imputation,5,0.7472222222222221,0.028113038532469627,0.014056519266234814,0.7081950681093659,0.7862493763350783,0.07805430822571235,0.707037037037037,0.7868518518518519,0.0798148148148149,0.7533333333333333,0.7255555555555555,0.7633333333333333,0.0377777777777778,0.03762339729252441
pima,balance→imputation→label_noise→outliers,5,0.7376666666666667,0.04320408074004804,0.021602040370024025,0.6776897874190282,0.7976435459143052,0.11995375849527701,0.675,0.8088888888888889,0.13388888888888884,0.7405555555555556,0.7205555555555556,0.7433333333333333,0.022777777777777675,0.05856856855858297
pima,balance→imputation→outliers→label_noise,5,0.736962962962963,0.046728002020624694,0.023364001010312347,0.6720940967200449,0.8018318292058811,0.1297377324858362,0.6657407407407407,0.7946296296296296,0.12888888888888883,0.7505555555555556,0.7027777777777777,0.7711111111111111,0.06833333333333336,0.0634061742163467
pima,balance→label_noise→imputation→outliers,5,0.7376666666666667,0.04320408074004804,0.021602040370024025,0.6776897874190282,0.7976435459143052,0.11995375849527701,0.675,0.8088888888888889,0.13388888888888884,0.7405555555555556,0.7205555555555556,0.7433333333333333,0.022777777777777675,0.05856856855858297
pima,balance→label_noise→outliers→imputation,5,0.7376666666666667,0.04320408074004804,0.021602040370024025,0.6776897874190282,0.7976435459143052,0.11995375849527701,0.675,0.8088888888888889,0.13388888888888884,0.7405555555555556,0.7205555555555556,0.7433333333333333,0.022777777777777675,0.05856856855858297
pima,balance→outliers→imputation→label_noise,5,0.736962962962963,0.046728002020624694,0.023364001010312347,0.6720940967200449,0.8018318292058811,0.1297377324858362,0.6657407407407407,0.7946296296296296,0.12888888888888883,0.7505555555555556,0.7027777777777777,0.7711111111111111,0.06833333333333336,0.0634061742163467
pima,balance→outliers→label_noise→imputation,5,0.736962962962963,0.046728002020624694,0.023364001010312347,0.6720940967200449,0.8018318292058811,0.1297377324858362,0.6657407407407407,0.7946296296296296,0.12888888888888883,0.7505555555555556,0.7027777777777777,0.7711111111111111,0.06833333333333336,0.0634061742163467
adult,imputation→label_noise→outliers→balance,5,0.5912378287054031,0.010223958248286409,0.005111979124143204,0.5770446992883024,0.6054309581225038,0.028386258834201428,0.5784552399934053,0.6028683597328185,0.02441311973941318,0.5968745123474005,0.579452071702528,0.5985389597508626,0.019086888048334583,0.017292462951285066
adult,imputation→label_noise→balance→outliers,5,0.5921037087017942,0.011077255094030377,0.005538627547015188,0.5767260133593701,0.6074814040442182,0.030755390684848116,0.5783430523445382,0.6040895667396755,0.02574651439513731,0.5956533053405435,0.5796764470002624,0.6027561720839513,0.02307972508368883,0.018708302162669447
adult,imputation→outliers→label_noise→balance,5,0.5972530115808217,0.007529650454027156,0.0037648252270135775,0.5868001810073546,0.6077058421542887,0.02090566114693404,0.585111192874299,0.6062009280056518,0.021089735131352816,0.6006484842838843,0.5924384349154412,0.6018660178248321,0.00942758290939083,0.012607136854944474
adult,imputation→outliers→balance→label_noise,5,0.7131483924472365,0.005097596877982179,0.0025487984389910897,0.7060717934971639,0.7202249913973091,0.014153197900145242,0.706400514755431,0.7220683611434294,0.015667846387998452,0.712322582616983,0.7112025428612655,0.7137479608590738,0.0025454179978082747,0.0071480170634463484
adult,imputation→balance→label_noise→outliers,5,0.7099291138630431,0.008994820752197048,0.004497410376098524,0.6974423008382586,0.7224159268878276,0.024973626049568987,0.6994061621949811,0.7230707030514159,0.023664540856434768,0.7093173936259782,0.7012213686393571,0.7166299418034836,0.015408573164126471,0.012670026593573813
adult,imputation→balance→outliers→label_noise,5,0.7112146946864932,0.008847140434359945,0.004423570217179973,0.6989328948095052,0.7234964945634813,0.02456359975397615,0.6953967945630354,0.720622778838838,0.025225984275802582,0.7146509722488753,0.7084345862986775,0.7169683414830399,0.00853375518436239,0.012439479246502079
adult,label_noise→imputation→outliers→balance,5,0.5949886284189315,0.010997159156772138,0.005498579578386069,0.579722124062981,0.6102551327748821,0.030533008711901122,0.578230864695671,0.6084171299886769,0.030186265293005943,0.5946546368984663,0.5885522753300902,0.6050882351817528,0.016535959851662563,0.018482973676312076
adult,label_noise→imputation→balance→outliers,5,0.5952994477164413,0.012050867062276741,0.0060254335311383704,0.5785701622822175,0.6120287331506651,0.03345857086844761,0.5762335278115165,0.6101919283080516,0.03395840049653509,0.5955411176916763,0.5891095401085171,0.6054211246624452,0.016311584553928116,0.02024337013666595
adult,label_noise→outliers→imputation→balance,5,0.5944560052498236,0.011593500410610337,0.005796750205305168,0.5783616465162497,0.6105503639833975,0.0321887174671478,0.5778979752149785,0.6098590388273591,0.0319610636123806,0.5927676509302244,0.587110366491408,0.6046449947851478,0.01753462829373975,0.019502705512644457
adult,label_noise→outliers→balance→imputation,5,0.5969193874069474,0.009518165310353623,0.004759082655176812,0.58370605566375,0.6101327191501448,0.026426663486394775,0.583889985867442,0.6103022792239642,0.026412293356522176,0.5968726756144459,0.5895527805051222,0.603979215823763,0.014426435318640851,0.01594547858748748
adult,label_noise→balance→imputation→outliers,5,0.597319956823551,0.010338669733692876,0.005169334866846438,0.5829675823353668,0.6116723313117352,0.02870474897636832,0.5852252172561208,0.6114131353149086,0.02618791805878784,0.5946564736314208,0.5881071982005307,0.6071977597147745,0.01909056151424382,0.017308428448753355
adult,label_noise→balance→outliers→imputation,5,0.597319956823551,0.010338669733692876,0.005169334866846438,0.5829675823353668,0.6116723313117352,0.02870474897636832,0.5852252172561208,0.6114131353149086,0.02618791805878784,0.5946564736314208,0.5881071982005307,0.6071977597147745,0.01909056151424382,0.017308428448753355
adult,outliers→imputation→label_noise→balance,5,0.5982516800228989,0.007653215030670196,0.0038266075153350976,0.5876273143174336,0.6088760457283641,0.02124873141093042,0.587218880674366,0.606421629837477,0.019202749163111044,0.6019782054736993,0.5911068769926715,0.6045328071362805,0.013425930143609044,0.012792634414962712
adult,outliers→imputation→balance→label_noise,5,0.712014364133337,0.007454849108052894,0.0037274245540264467,0.7016653744753162,0.7223633537913577,0.02069797931604156,0.7016242009109608,0.7241815591423604,0.022557358231399594,0.7102093846180522,0.7089771572134674,0.7150795187818435,0.006102361568376069,0.010470082464034174
adult,outliers→label_noise→imputation→balance,5,0.5993172937077056,0.008048599641914332,0.004024299820957166,0.5881440461679607,0.6104905412474505,0.022346495079489825,0.585554433270904,0.6095261493466667,0.02397171607576276,0.6017556669089195,0.5964331086837501,0.6033171103282874,0.006884001644537285,0.01342961353930116
adult,outliers→label_noise→balance→imputation,5,0.6027131337573591,0.005994166121720086,0.002997083060860043,0.594391897163163,0.6110343703515553,0.016642473188392293,0.594099208852994,0.6099693897432718,0.015870180890277696,0.6033097633964689,0.5979872051712997,0.608200101622761,0.010212896451461284,0.009945305296985984
adult,outliers→balance→imputation→label_noise,5,0.7188108197383258,0.006861396999010507,0.0034306984995052534,0.709285673681965,0.7283359657946866,0.01905029211272158,0.7111951959294471,0.7274221438288271,0.01622694789937995,0.7157287671466368,0.7130876920965528,0.7266202996901652,0.013532607593612411,0.009545483749824902
adult,outliers→balance→label_noise→imputation,5,0.7188108197383258,0.006861396999010507,0.0034306984995052534,0.709285673681965,0.7283359657946866,0.01905029211272158,0.7111951959294471,0.7274221438288271,0.01622694789937995,0.7157287671466368,0.7130876920965528,0.7266202996901652,0.013532607593612411,0.009545483749824902
adult,balance→imputation→label_noise→outliers,5,0.7141014511365851,0.009537012442613008,0.004768506221306504,0.7008619553793334,0.7273409468938368,0.02647899151450339,0.6997335414768098,0.7265374997685716,0.026803958291761854,0.7135382794249763,0.7086314106020928,0.7220665244104748,0.013435113808382027,0.013355262655514306
adult,balance→imputation→outliers→label_noise,5,0.7147653933650153,0.007636565930548821,0.00381828296527441,0.7041641403158191,0.7253666464142116,0.02120250609839247,0.7043020106201369,0.7236463351593887,0.019344324539251834,0.7144247602181862,0.7086112065395922,0.7228426542877723,0.014231447748180082,0.010684017443257764
adult,balance→label_noise→imputation→outliers,5,0.7141014511365851,0.009537012442613008,0.004768506221306504,0.7008619553793334,0.7273409468938368,0.02647899151450339,0.6997335414768098,0.7265374997685716,0.026803958291761854,0.7135382794249763,0.7086314106020928,0.7220665244104748,0.013435113808382027,0.013355262655514306
adult,balance→label_noise→outliers→imputation,5,0.7141014511365851,0.009537012442613008,0.004768506221306504,0.7008619553793334,0.7273409468938368,0.02647899151450339,0.6997335414768098,0.7265374997685716,0.026803958291761854,0.7135382794249763,0.7086314106020928,0.7220665244104748,0.013435113808382027,0.013355262655514306
adult,balance→outliers→imputation→label_noise,5,0.7147653933650153,0.007636565930548821,0.00381828296527441,0.7041641403158191,0.7253666464142116,0.02120250609839247,0.7043020106201369,0.7236463351593887,0.019344324539251834,0.7144247602181862,0.7086112065395922,0.7228426542877723,0.014231447748180082,0.010684017443257764
adult,balance→outliers→label_noise→imputation,5,0.7147653933650153,0.007636565930548821,0.00381828296527441,0.7041641403158191,0.7253666464142116,0.02120250609839247,0.7043020106201369,0.7236463351593887,0.019344324539251834,0.7144247602181862,0.7086112065395922,0.7228426542877723,0.014231447748180082,0.010684017443257764
credit_default,imputation→label_noise→outliers→balance,5,0.473433089219588,0.00563322151644712,0.00281661075822356,0.4656129240666707,0.48125325437250527,0.01564033030583456,0.4633359301965741,0.4789116267173848,0.0155756965208107,0.4741617214187678,0.4723283284451992,0.4784278393200142,0.006099510874815028,0.011898664552013001
credit_default,imputation→label_noise→balance→outliers,5,0.4726692695503728,0.005753377284919997,0.0028766886424599985,0.46468230144983663,0.480656237650909,0.015973936201072347,0.4634475238229009,0.4793304253410418,0.015882901518140924,0.473096340938525,0.4696350033728044,0.4778370542765919,0.008202050903787506,0.012172099299776572
credit_default,imputation→outliers→label_noise→balance,5,0.48979545630101634,0.00848305492107341,0.004241527460536705,0.47801908814464716,0.5015718244573856,0.02355273631273841,0.4790041913727483,0.4989621954014073,0.019958004028658993,0.4929283183501688,0.4804279776832099,0.4976545986975475,0.01722662101433764,0.01731958680290397
credit_default,imputation→outliers→balance→label_noise,5,0.5623631788766811,0.008778379661336398,0.004389189830668199,0.5501768342555384,0.5745495234978237,0.024372689242285306,0.5490148395333645,0.5734221556244075,0.024407316091042963,0.566267746329626,0.5557130373124255,0.5673981155835822,0.011685078271156724,0.015609805177627717
credit_default,imputation→balance→label_noise→outliers,5,0.5722107842338848,0.009164427052236326,0.004582213526118163,0.5594885199183229,0.5849330485494467,0.025444528631123786,0.5541874943860504,0.5794041867928943,0.025216692406843877,0.5762920630968424,0.574184927087595,0.5769852498060416,0.0028003227184465462,0.016015823722208052
credit_default,imputation→balance→outliers→label_noise,5,0.5650779034782862,0.006400546619480527,0.0032002733097402634,0.5561925203121627,0.5739632866444098,0.017770766332247057,0.5529501274860423,0.570900816971778,0.017950689485735638,0.5664351367691162,0.5653421804072232,0.5697612557572715,0.004419075350048374,0.011326839326192968
credit_default,label_noise→imputation→outliers→balance,5,0.48040290136977937,0.008382279302376401,0.0041911396511882,0.4687664322000375,0.49203937053952124,0.02327293833948374,0.4683786075018331,0.4939103261355981,0.02553171863376502,0.4798975854332259,0.4764828527201188,0.4833451350581214,0.006862282338002568,0.017448436049149356
credit_default,label_noise→imputation→balance→outliers,5,0.4784080201629687,0.0075508343753216385,0.0037754171876608193,0.46792578159220816,0.4888902587337292,0.020964477141521054,0.4679972217702394,0.4909839768001366,0.02298675502989722,0.4774786484463732,0.474882484009617,0.4806977697884768,0.005815285778859758,0.015783252071630116
credit_default,label_noise→outliers→imputation→balance,5,0.48046526156530056,0.008722701112687772,0.004361350556343886,0.4683562111610879,0.49257431196951323,0.024218100808425347,0.4683694155412831,0.4952034898487697,0.026834074307486633,0.480023612050241,0.4766922520319473,0.4820375383542617,0.005345286322314402,0.018154696729312365
credit_default,label_noise→outliers→balance→imputation,5,0.46820833046420535,0.009027981355287361,0.004513990677643681,0.45567548314235307,0.4807411777860576,0.02506569464370456,0.4562458646256429,0.4837265207897152,0.027480656164072248,0.4679735968190011,0.4635446844585395,0.4695509856281278,0.0060063011695882795,0.019281975069381112
credit_default,label_noise→balance→imputation→outliers,5,0.4637916256724039,0.00881528913565457,0.004407644567827284,0.4515540424866082,0.4760292088581996,0.024475166371591417,0.4502539964467428,0.4766272632582339,0.026373266811491103,0.4627399041230136,0.4603163711558858,0.4690205933781438,0.008704222222257973,0.019007003679452354
credit_default,label_noise→balance→outliers→imputation,5,0.4637916256724039,0.00881528913565457,0.004407644567827284,0.4515540424866082,0.4760292088581996,0.024475166371591417,0.4502539964467428,0.4766272632582339,0.026373266811491103,0.4627399041230136,0.4603163711558858,0.4690205933781438,0.008704222222257973,0.019007003679452354
credit_default,outliers→imputation→label_noise→balance,5,0.4830107573353054,0.006505537201798618,0.003252768600899309,0.4739796238749974,0.4920418907956134,0.018062266920615966,0.4704351877280553,0.4888624078002009,0.01842722007214559,0.4847538433280315,0.484126290442409,0.4868760573778303,0.002749766935421283,0.013468721147513664
credit_default,outliers→imputation→balance→label_noise,5,0.5632125966627377,0.009172726915696178,0.004586363457848088,0.5504788102895374,0.575946383035938,0.025467572746400657,0.5479402670925716,0.5738081373362762,0.025867870243704627,0.5647047905111875,0.5589787635071426,0.570631024866511,0.011652261359368365,0.01628643778574608
credit_default,outliers→label_noise→imputation→balance,5,0.49075371012523483,0.009341838868112474,0.004670919434056237,0.4777851587257761,0.5037222615246936,0.025937102798917477,0.4778456011872788,0.5040422855987297,0.026196684411450843,0.4904069796975393,0.4839168911305805,0.4975567930120458,0.0136399018814653,0.019035696878844873
credit_default,outliers→label_noise→balance→imputation,5,0.47659497851258265,0.005791211423404771,0.0028956057117023853,0.4685554882077438,0.4846344688174215,0.016078980609677718,0.4684993930887099,0.4836746749069636,0.015175281818253672,0.4750820463110324,0.4730353030952233,0.4826834751609843,0.009648172065761018,0.012151222074304496
credit_default,outliers→balance→imputation→label_noise,5,0.5669190531764593,0.009761254911802424,0.004880627455901212,0.5533682589662284,0.5804698473866902,0.02710158842046173,0.5530059242992057,0.5775760348494638,0.02457011055025815,0.5695564524257181,0.558225184004505,0.576231670303404,0.018006486298899005,0.017218075238625178
credit_default,outliers→balance→label_noise→imputation,5,0.5669190531764593,0.009761254911802424,0.004880627455901212,0.5533682589662284,0.5804698473866902,0.02710158842046173,0.5530059242992057,0.5775760348494638,0.02457011055025815,0.5695564524257181,0.558225184004505,0.576231670303404,0.018006486298899005,0.017218075238625178
credit_default,balance→imputation→label_noise→outliers,5,0.5778262658176306,0.008183017223371556,0.004091508611685778,0.566466416759841,0.5891861148754203,0.02271969811557928,0.563132642732199,0.588353931119318,0.025221288387119012,0.5789716002284122,0.5782876054797631,0.5803855495284604,0.002097944048697342,0.014161725950260318
credit_default,balance→imputation→outliers→label_noise,5,0.5699491265299171,0.00921173865686943,0.004605869328434714,0.5571611831778039,0.5827370698820303,0.02557588670422639,0.5533827140505245,0.5814601219692533,0.028077407918728814,0.5723613711244396,0.569268276399351,0.5732731491060173,0.004004872706666385,0.01616238753264568
credit_default,balance→label_noise→imputation→outliers,5,0.5778262658176306,0.008183017223371556,0.004091508611685778,0.566466416759841,0.5891861148754203,0.02271969811557928,0.563132642732199,0.588353931119318,0.025221288387119012,0.5789716002284122,0.5782876054797631,0.5803855495284604,0.002097944048697342,0.014161725950260318
credit_default,balance→label_noise→outliers→imputation,5,0.5778262658176306,0.008183017223371556,0.004091508611685778,0.566466416759841,0.5891861148754203,0.02271969811557928,0.563132642732199,0.588353931119318,0.025221288387119012,0.5789716002284122,0.5782876054797631,0.5803855495284604,0.002097944048697342,0.014161725950260318
credit_default,balance→outliers→imputation→label_noise,5,0.5699491265299171,0.00921173865686943,0.004605869328434714,0.5571611831778039,0.5827370698820303,0.02557588670422639,0.5533827140505245,0.5814601219692533,0.028077407918728814,0.5723613711244396,0.569268276399351,0.5732731491060173,0.004004872706666385,0.01616238753264568
credit_default,balance→outliers→label_noise→imputation,5,0.5699491265299171,0.00921173865686943,0.004605869328434714,0.5571611831778039,0.5827370698820303,0.02557588670422639,0.5533827140505245,0.5814601219692533,0.028077407918728814,0.5723613711244396,0.569268276399351,0.5732731491060173,0.004004872706666385,0.01616238753264568
