dataset,cleaning_order,classifier,seed,balanced_accuracy
credit_default,imputation→label_noise→outliers→balance,logistic_regression,42,0.5027025976641777
credit_default,imputation→label_noise→balance→outliers,logistic_regression,42,0.5088113004995427
credit_default,imputation→outliers→label_noise→balance,logistic_regression,42,0.5099042568614357
credit_default,imputation→outliers→balance→label_noise,logistic_regression,42,0.6679800150651396
credit_default,imputation→balance→label_noise→outliers,logistic_regression,42,0.6729898754586103
credit_default,imputation→balance→outliers→label_noise,logistic_regression,42,0.6697569661756816
credit_default,label_noise→imputation→outliers→balance,logistic_regression,42,0.5101038191628511
credit_default,label_noise→imputation→balance→outliers,logistic_regression,42,0.5106912983257247
credit_default,label_noise→outliers→imputation→balance,logistic_regression,42,0.5125024370790143
credit_default,label_noise→outliers→balance→imputation,logistic_regression,42,0.5100014174970743
credit_default,label_noise→balance→imputation→outliers,logistic_regression,42,0.5109282735192033
credit_default,label_noise→balance→outliers→imputation,logistic_regression,42,0.5109282735192033
credit_default,outliers→imputation→label_noise→balance,logistic_regression,42,0.5100526183299627
credit_default,outliers→imputation→balance→label_noise,logistic_regression,42,0.6486895570136191
credit_default,outliers→label_noise→imputation→balance,logistic_regression,42,0.5434634597797703
credit_default,outliers→label_noise→balance→imputation,logistic_regression,42,0.5319326290571419
credit_default,outliers→balance→imputation→label_noise,logistic_regression,42,0.6669986523295734
credit_default,outliers→balance→label_noise→imputation,logistic_regression,42,0.6669986523295734
credit_default,balance→imputation→label_noise→outliers,logistic_regression,42,0.67131992199412
credit_default,balance→imputation→outliers→label_noise,logistic_regression,42,0.6701849567598888
credit_default,balance→label_noise→imputation→outliers,logistic_regression,42,0.67131992199412
credit_default,balance→label_noise→outliers→imputation,logistic_regression,42,0.67131992199412
credit_default,balance→outliers→imputation→label_noise,logistic_regression,42,0.6701849567598888
credit_default,balance→outliers→label_noise→imputation,logistic_regression,42,0.6701849567598888
credit_default,imputation→label_noise→outliers→balance,logistic_regression,43,0.5138769577061768
credit_default,imputation→label_noise→balance→outliers,logistic_regression,43,0.5101188972034024
credit_default,imputation→outliers→label_noise→balance,logistic_regression,43,0.5221853612061529
credit_default,imputation→outliers→balance→label_noise,logistic_regression,43,0.6415023308070493
credit_default,imputation→balance→label_noise→outliers,logistic_regression,43,0.6590952595124294
credit_default,imputation→balance→outliers→label_noise,logistic_regression,43,0.6427863025596707
credit_default,label_noise→imputation→outliers→balance,logistic_regression,43,0.5081594776128188
credit_default,label_noise→imputation→balance→outliers,logistic_regression,43,0.5140161272141538
credit_default,label_noise→outliers→imputation→balance,logistic_regression,43,0.506675943558782
credit_default,label_noise→outliers→balance→imputation,logistic_regression,43,0.5075969135009097
credit_default,label_noise→balance→imputation→outliers,logistic_regression,43,0.505965017978346
credit_default,label_noise→balance→outliers→imputation,logistic_regression,43,0.505965017978346
credit_default,outliers→imputation→label_noise→balance,logistic_regression,43,0.5304655437746157
credit_default,outliers→imputation→balance→label_noise,logistic_regression,43,0.6553923507729552
credit_default,outliers→label_noise→imputation→balance,logistic_regression,43,0.5289675767298907
credit_default,outliers→label_noise→balance→imputation,logistic_regression,43,0.5555299237825209
credit_default,outliers→balance→imputation→label_noise,logistic_regression,43,0.6326878050581908
credit_default,outliers→balance→label_noise→imputation,logistic_regression,43,0.6326878050581908
credit_default,balance→imputation→label_noise→outliers,logistic_regression,43,0.634106350338514
credit_default,balance→imputation→outliers→label_noise,logistic_regression,43,0.6527922354057871
credit_default,balance→label_noise→imputation→outliers,logistic_regression,43,0.634106350338514
credit_default,balance→label_noise→outliers→imputation,logistic_regression,43,0.634106350338514
credit_default,balance→outliers→imputation→label_noise,logistic_regression,43,0.6527922354057871
credit_default,balance→outliers→label_noise→imputation,logistic_regression,43,0.6527922354057871
credit_default,imputation→label_noise→outliers→balance,logistic_regression,44,0.4924787185955458
credit_default,imputation→label_noise→balance→outliers,logistic_regression,44,0.49580677273329077
credit_default,imputation→outliers→label_noise→balance,logistic_regression,44,0.4969975347806855
credit_default,imputation→outliers→balance→label_noise,logistic_regression,44,0.6655052812651234
credit_default,imputation→balance→label_noise→outliers,logistic_regression,44,0.6715943100796621
credit_default,imputation→balance→outliers→label_noise,logistic_regression,44,0.6697569661756816
credit_default,label_noise→imputation→outliers→balance,logistic_regression,44,0.4971970970821008
credit_default,label_noise→imputation→balance→outliers,logistic_regression,44,0.49034989278464963
credit_default,label_noise→outliers→imputation→balance,logistic_regression,44,0.49420051794278763
credit_default,label_noise→outliers→balance→imputation,logistic_regression,44,0.49877319579150114
credit_default,label_noise→balance→imputation→outliers,logistic_regression,44,0.494638345537408
credit_default,label_noise→balance→outliers→imputation,logistic_regression,44,0.494638345537408
credit_default,outliers→imputation→label_noise→balance,logistic_regression,44,0.5021229397308948
credit_default,outliers→imputation→balance→label_noise,logistic_regression,44,0.6686311929020003
credit_default,outliers→label_noise→imputation→balance,logistic_regression,44,0.5204372760769873
credit_default,outliers→label_noise→balance→imputation,logistic_regression,44,0.5168275770427398
credit_default,outliers→balance→imputation→label_noise,logistic_regression,44,0.6502059079794442
credit_default,outliers→balance→label_noise→imputation,logistic_regression,44,0.6502059079794442
credit_default,balance→imputation→label_noise→outliers,logistic_regression,44,0.6684913783441603
credit_default,balance→imputation→outliers→label_noise,logistic_regression,44,0.6732734555047024
credit_default,balance→label_noise→imputation→outliers,logistic_regression,44,0.6684913783441603
credit_default,balance→label_noise→outliers→imputation,logistic_regression,44,0.6684913783441603
credit_default,balance→outliers→imputation→label_noise,logistic_regression,44,0.6732734555047024
credit_default,balance→outliers→label_noise→imputation,logistic_regression,44,0.6732734555047024
credit_default,imputation→label_noise→outliers→balance,logistic_regression,45,0.5010562691509257
credit_default,imputation→label_noise→balance→outliers,logistic_regression,45,0.4948096869073101
credit_default,imputation→outliers→label_noise→balance,logistic_regression,45,0.5008199390073103
credit_default,imputation→outliers→balance→label_noise,logistic_regression,45,0.6821214432152124
credit_default,imputation→balance→label_noise→outliers,logistic_regression,45,0.6809766409705678
credit_default,imputation→balance→outliers→label_noise,logistic_regression,45,0.6788695049613204
credit_default,label_noise→imputation→outliers→balance,logistic_regression,45,0.49890776931920305
credit_default,label_noise→imputation→balance→outliers,logistic_regression,45,0.49758831982410784
credit_default,label_noise→outliers→imputation→balance,logistic_regression,45,0.4980425961902388
credit_default,label_noise→outliers→balance→imputation,logistic_regression,45,0.4938690429443559
credit_default,label_noise→balance→imputation→outliers,logistic_regression,45,0.48863010921823025
credit_default,label_noise→balance→outliers→imputation,logistic_regression,45,0.48863010921823025
credit_default,outliers→imputation→label_noise→balance,logistic_regression,45,0.503076726584811
credit_default,outliers→imputation→balance→label_noise,logistic_regression,45,0.6814932452797267
credit_default,outliers→label_noise→imputation→balance,logistic_regression,45,0.5048031219123278
credit_default,outliers→label_noise→balance→imputation,logistic_regression,45,0.5205770906348275
credit_default,outliers→balance→imputation→label_noise,logistic_regression,45,0.6791767099586506
credit_default,outliers→balance→label_noise→imputation,logistic_regression,45,0.6791767099586506
credit_default,balance→imputation→label_noise→outliers,logistic_regression,45,0.655494752438732
credit_default,balance→imputation→outliers→label_noise,logistic_regression,45,0.6479359775109816
credit_default,balance→label_noise→imputation→outliers,logistic_regression,45,0.655494752438732
credit_default,balance→label_noise→outliers→imputation,logistic_regression,45,0.655494752438732
credit_default,balance→outliers→imputation→label_noise,logistic_regression,45,0.6479359775109816
credit_default,balance→outliers→label_noise→imputation,logistic_regression,45,0.6479359775109816
credit_default,imputation→label_noise→outliers→balance,logistic_regression,46,0.49932592289299704
credit_default,imputation→label_noise→balance→outliers,logistic_regression,46,0.5020848817889684
credit_default,imputation→outliers→label_noise→balance,logistic_regression,46,0.5124958253179168
credit_default,imputation→outliers→balance→label_noise,logistic_regression,46,0.6758834078822835
credit_default,imputation→balance→label_noise→outliers,logistic_regression,46,0.6785859249152283
credit_default,imputation→balance→outliers→label_noise,logistic_regression,46,0.6801954855862802
credit_default,label_noise→imputation→outliers→balance,logistic_regression,46,0.5073185744849559
credit_default,label_noise→imputation→balance→outliers,logistic_regression,46,0.5090679497138478
credit_default,label_noise→outliers→imputation→balance,logistic_regression,46,0.5072955945835809
credit_default,label_noise→outliers→balance→imputation,logistic_regression,46,0.5045155909358239
credit_default,label_noise→balance→imputation→outliers,logistic_regression,46,0.5082447854572218
credit_default,label_noise→balance→outliers→imputation,logistic_regression,46,0.5082447854572218
credit_default,outliers→imputation→label_noise→balance,logistic_regression,46,0.5114764046404242
credit_default,outliers→imputation→balance→label_noise,logistic_regression,46,0.6790001275586104
credit_default,outliers→label_noise→imputation→balance,logistic_regression,46,0.5300572272112349
credit_default,outliers→label_noise→balance→imputation,logistic_regression,46,0.5196594265732484
credit_default,outliers→balance→imputation→label_noise,logistic_regression,46,0.67717197561518
credit_default,outliers→balance→label_noise→imputation,logistic_regression,46,0.67717197561518
credit_default,balance→imputation→label_noise→outliers,logistic_regression,46,0.675957588616547
credit_default,balance→imputation→outliers→label_noise,logistic_regression,46,0.655224960333465
credit_default,balance→label_noise→imputation→outliers,logistic_regression,46,0.675957588616547
credit_default,balance→label_noise→outliers→imputation,logistic_regression,46,0.675957588616547
credit_default,balance→outliers→imputation→label_noise,logistic_regression,46,0.655224960333465
credit_default,balance→outliers→label_noise→imputation,logistic_regression,46,0.655224960333465
